{
  "meta": {
    "dataset_root": "/data/data-juicer_dataset",
    "max_samples": 2000,
    "generated_at": "2026-04-22 05:16:52"
  },
  "audio_AudioSet": {
    "source_index": "/data/data-juicer_dataset/audio/indices/test-by-size-128MiB.jsonl",
    "search_roots": [
      "/data/data-juicer_dataset/audio/audio_set/exports_agkphysics_AudioSet_balanced/audio",
      "/data/data-juicer_dataset/audio/audio_set/exports_agkphysics_AudioSet_balanced/audio/test",
      "/data/data-juicer_dataset/audio/audio_set/exports_agkphysics_AudioSet_balanced/audio/train",
      "/data/data-juicer_dataset"
    ],
    "scanned_records": 332,
    "missed_files": 0,
    "errored_files": 0,
    "resolved_files": 332,
    "file_size_kb": {
      "n": 332,
      "min": 41.787109375,
      "max": 880.4140625,
      "mean": 395.83031344126505,
      "p5": 114.3697265625,
      "p10": 187.85595703125,
      "p25": 294.249267578125,
      "p50": 400.7255859375,
      "p75": 504.915771484375,
      "p90": 594.7827148437501,
      "p95": 625.0611816406249
    },
    "duration_sec": {
      "n": 332,
      "min": 2.0935,
      "max": 22.81,
      "mean": 9.595581205775483,
      "p5": 5.857075,
      "p10": 9.06565,
      "p25": 10.0,
      "p50": 10.0,
      "p75": 10.0,
      "p90": 10.0,
      "p95": 10.0
    },
    "sample_rate_hz": {
      "n": 332,
      "min": 16000.0,
      "max": 48000.0,
      "mean": 44875.903614457835,
      "p5": 16000.0,
      "p10": 44100.0,
      "p25": 48000.0,
      "p50": 48000.0,
      "p75": 48000.0,
      "p90": 48000.0,
      "p95": 48000.0
    },
    "channels": {
      "n": 332,
      "min": 1.0,
      "max": 1.0,
      "mean": 1.0,
      "p5": 1.0,
      "p10": 1.0,
      "p25": 1.0,
      "p50": 1.0,
      "p75": 1.0,
      "p90": 1.0,
      "p95": 1.0
    }
  },
  "image_COCO2017": {
    "source_index": "/data/data-juicer_dataset/coco2017/indices/coco_physical_128M.jsonl",
    "search_roots": [
      "/data/data-juicer_dataset/coco2017",
      "/data/data-juicer_dataset/coco2017/train2017",
      "/data/data-juicer_dataset/coco2017/val2017",
      "/data/data-juicer_dataset"
    ],
    "scanned_records": 828,
    "missed_files": 0,
    "errored_files": 0,
    "resolved_files": 828,
    "file_size_kb": {
      "n": 828,
      "min": 9.6748046875,
      "max": 558.28125,
      "mean": 158.49990328728865,
      "p5": 65.868994140625,
      "p10": 80.52294921875,
      "p25": 111.157470703125,
      "p50": 150.77099609375,
      "p75": 200.025634765625,
      "p90": 244.2328125,
      "p95": 278.694873046875
    },
    "width_px": {
      "n": 828,
      "min": 152.0,
      "max": 640.0,
      "mean": 581.0833333333334,
      "p5": 423.35,
      "p10": 427.0,
      "p25": 500.0,
      "p50": 640.0,
      "p75": 640.0,
      "p90": 640.0,
      "p95": 640.0
    },
    "height_px": {
      "n": 828,
      "min": 120.0,
      "max": 640.0,
      "mean": 475.64009661835746,
      "p5": 333.0,
      "p10": 374.4,
      "p25": 425.0,
      "p50": 469.0,
      "p75": 500.0,
      "p90": 640.0,
      "p95": 640.0
    },
    "aspect_ratio_w_over_h": {
      "n": 828,
      "min": 0.5609375,
      "max": 2.831858407079646,
      "mean": 1.2808604960274785,
      "p5": 0.6671875,
      "p10": 0.71359375,
      "p25": 1.0542971352431711,
      "p50": 1.3333333333333333,
      "p75": 1.4988290398126465,
      "p90": 1.509433962264151,
      "p95": 1.7158176943699732
    }
  },
  "text_RedPajama_c4": {
    "source_index": "/data/data-juicer_dataset/RedPajama/indices/c4_1000.jsonl",
    "scanned_records": 1000,
    "char_length": {
      "n": 1000,
      "min": 51.0,
      "max": 36267.0,
      "mean": 2189.457,
      "p5": 201.25000000000006,
      "p10": 298.9,
      "p25": 552.5,
      "p50": 1209.5,
      "p75": 2592.25,
      "p90": 4944.0,
      "p95": 7223.149999999998
    },
    "word_count": {
      "n": 1000,
      "min": 7.0,
      "max": 6352.0,
      "mean": 372.144,
      "p5": 32.95,
      "p10": 50.0,
      "p25": 89.0,
      "p50": 199.5,
      "p75": 435.0,
      "p90": 829.9000000000002,
      "p95": 1180.2499999999998
    },
    "token_count_approx_chars_div_4": {
      "n": 1000,
      "min": 12.75,
      "max": 9066.75,
      "mean": 547.36425,
      "p5": 50.312500000000014,
      "p10": 74.725,
      "p25": 138.125,
      "p50": 302.375,
      "p75": 648.0625,
      "p90": 1236.0,
      "p95": 1805.7874999999995
    },
    "max_line_length": {
      "n": 1000,
      "min": 33.0,
      "max": 8529.0,
      "mean": 505.836,
      "p5": 102.9,
      "p10": 147.9,
      "p25": 260.0,
      "p50": 405.5,
      "p75": 622.25,
      "p90": 908.0000000000002,
      "p95": 1226.0
    },
    "sentence_count": {
      "n": 1000,
      "min": 4.0,
      "max": 510.0,
      "mean": 25.007,
      "p5": 4.0,
      "p10": 5.0,
      "p25": 7.75,
      "p50": 14.0,
      "p75": 27.0,
      "p90": 52.0,
      "p95": 73.04999999999995
    }
  }
}